Year,Horse,Finish_Position
2015,American Pharoah,1
2015,Firing Line,2
2015,Dortmund,3
2015,Frosted,4
2015,Danzig Moon,5
2015,Materiality,6
2015,Keen Ice,7
2015,Mubtaahij,8
2015,Itsaknockout,9
2015,Carpe Diem,10
2015,Frammento,11
2015,Bolo,12
2015,Mr. Z,13
2015,Ocho Ocho Ocho,14
2015,Far Right,15
2015,War Story,16
2015,Tencendur,17
2015,Upstart,18
2016,Nyquist,1
2016,Exaggerator,2
2016,Gun Runner,3
2016,Mohaymen,4
2016,Suddenbreakingnews,5
2016,Destin,6
2016,Brody's Cause,7
2016,Mo Tom,8
2016,Lani,9
2016,Mor Spirit,10
2016,My Man Sam,11
2016,Tom's Ready,12
2016,Creator,13
2016,Outwork,14
2016,Danzing Candy,15
2016,Trojan Nation,16
2016,Oscar Nominated,17
2016,Majesto,18
2016,Whitmore,19
2016,Shagaf,20
2017,Always Dreaming,1
2017,Lookin At Lee,2
2017,Battle of Midway,3
2017,Classic Empire,4
2017,Practical Joke,5
2017,Tapwrit,6
2017,Gunnervera,7
2017,McCracken,8
2017,Gormley,9
2017,Irish War Cry,10
2017,Hence,11
2017,Untrapped,12
2017,Girvin,13
2017,Patch,14
2017,J Boys Echo,15
2017,Soneteer,16
2017,Fast and Accurate,17
2017,Irap,18
2017,State of Honor,19
2017,Thunder Snow,20
2018,Justify,1
2018,Good Magic,2
2018,Audible,3
2018,Instilled Regard,4
2018,My Boy Jack,5
2018,Bravazo,6
2018,Hofburg,7
2018,Lone Sailor,8
2018,Vino Rosso,9
2018,Solomini,10
2018,Firenze Fire,11
2018,Bolt d’Oro,12
2018,Flameaway,13
2018,Enticed,14
2018,Promises Fulfilled,15
2018,Free Drop Billy,16
2018,Noble Indy,17
2018,Combatant,18
2018,Magnum Moon,19
2018,Mendelssohn,20
2019,Country House,1
2019,Code of Honor,2
2019,Tacitus,3
2019,Improbable,4
2019,Game Winner,5
2019,Master Fencer,6
2019,War of Will,7
2019,Plus Que Parfait,8
2019,Win Win Win,9
2019,Cutting Humor,10
2019,By My Standards,11
2019,Vekoma,12
2019,Bodexpress,13
2019,Tax,14
2019,Roadster,15
2019,Long Range Toddy,16
2019,Maximum Security,17
2019,Spinoff,18
2019,Gray Magician,19
2014,California Chrome,1
2014,Commanding Curve,2
2014,Danza,3
2014,Wicked Strong,4
2014,Samraat,5
2014,Dance With Fate,6
2014,Ride On Curlin,7
2014,Medal Count,8
2014,Chitu,9
2014,We Miss Artie,10
2014,General A Rod,11
2014,Intense Holiday,12
2014,Candy Boy,13
2014,Uncle Sigh,14
2014,Tapiture,15
2014,Harry's Holiday,16
2014,Vinceremos,17
2014,Wildcat Red,18
2014,Vicar's In Trouble,19
2014,Hoppertunity,
2013,Orb,1
2013,Golden Soul,2
2013,Revolutionary,3
2013,Normandy Invasion,4
2013,Mylute,5
2013,Oxbow,6
2013,Lines of Battle,7
2013,Will Take Charge,8
2013,Charming Kitten,9
2013,Giant Finish,10
2013,Overanalyze ,11
2013,Palace Malice,12
2013,Java's War ,13
2013,Verrazano,14
2013,Itsmyluckyday,15
2013,Frac Daddy,16
2013,Goldencents,17
2013,Vyjack,18
2013,Falling Sky,19
2012,I'll Have Another,1
2012,Bodemeister,2
2012,Dullahan,3
2012,Went The Day Well,4
2012,Creative Cause,5
2012,Liaison,6
2012,Union Rags,7
2012,Rousing Sermon,8
2012,Hansen,9
2012,Daddy Nose Best,10
2012,Optimizer,11
2012,Alpha,12
2012,El Padrino,13
2012,Done Talking,14
2012,Sabercat,15
2012,Gemologist,16
2012,Trinniberg,17
2012,Prospective,18
2012,Take Charge Indy,19
2012,Daddy Long Legs,
2011,Animal Kingdom,1
2011,Nehro,2
2011,Mucho Macho Man,3
2011,Shackleford,4
2011,Master of Hounds,5
2011,Santiva,6
2011,Brilliant Speed,7
2011,Dialed In,8
2011,Pants on Fire,9
2011,Twice the Appeal,10
2011,Soldat,11
2011,Stay Thirsty,12
2011,Derby Kitten,13
2011,Decisive Moment,14
2011,Archarcharch,15
2011,Midnight Interlude,16
2011,Twinspired,17
2011,Watch Me Go,18
2011,Comma to the Top,19
2010,Super Saver,1
2010,Ice Box,2
2010,Paddy O'Prado,3
2010,Make Music for Me,4
2010,Noble's Promise,5
2010,Lookin At Lucky,6
2010,Dublin,7
2010,Statley Victor,8
2010,Mission Impazible,9
2010,Devil May Care,10
2010,American Lion,11
2010,Jackson Bend,12
2010,Discreetly Mine,13
2010,Dean's Kitten,14
2010,Conveyance,15
2010,Homeboykris,16
2010,Sidney's Candy,17
2010,Line of David,18
2010,Awesome Act,19
2010,Backtalk,20
2009,Mine That Bird Birdstone,1
2009,Pioneerof the Nile Empire Maker,2
2009,Musket Man Yonaguska,3
2009,Papa Clem Smart Strike,4
2009,Chocolate Candy,5
2009,Summer Bird,6
2009,Join in the Dance,7
2009,Regal Ransom,8
2009,West Side Bernie,9
2009,General Quarters,10
2009,Dunkirk,11
2009,Hold Me Back,12
2009,Advice,13
2009,Desert Party,14
2009,Mr. Hot Stuff,15
2009,Atomic Rain,16
2009,Nowhere to Hide,17
2009,Friesan Fire,18
2009,Flying Private,19
2008,Big Brown,1
2008,Eight Belles,2
2008,Denis of Cork,3
2008,Tale of Ekati,4
2008,Recapturetheglory,5
2008,Colonel John,6
2008,Anak Nakal,7
2008,Pyro,8
2008,Cowboy Cal,9
2008,Z Fortune,10
2008,Smooth Air,11
2008,Visionaire,12
2008,Court Vision,13
2008,Z Humor,14
2008,Cool Coal Man,15
2008,Bob Black Jack,16
2008,Gayego,17
2008,Big Truck,18
2008,Adriano,19
2008,Monba,20